Vehicle_label,Utilities,Probabilities,Routes_taken,Gamma,Eta
0,"[16.651092223153956, 16.651092223153956, -11.977135279765443, 16.651092223153956]","[0.33333333333329235, 0.33333333333329235, 1.2296953027255278e-13, 0.33333333333329235]",[2],5.1308007175347194,1.2575319607013955
1,"[16.651092223153956, 16.651092223153956, 16.651092223153956, -6.298481731536818]","[0.3333333333213416, 0.3333333333213416, 0.3333333333213416, 3.5975382047903914e-11]",[3],5.6011641614385,1.1427722057736622
2,"[16.651092223153956, 16.651092223153956, 16.651092223153956, -1.5869493627492843]","[0.3333333319995765, 0.3333333319995765, 0.3333333319995765, 4.0012705907729905e-09]",[3],4.794229362566096,0.8046474685407012
3,"[16.651092223153956, 16.651092223153956, -2.325193365197199, 16.651092223153956]","[0.33333333269586096, 0.33333333269586096, 1.912417135649151e-09, 0.33333333269586096]",[2],6.213636521456675,0.8615352860606272
4,"[-7.771572818053475, 16.651092223153956, 16.651092223153956, 16.651092223153956]","[8.246128240810584e-12, 0.3333333333305846, 0.3333333333305846, 0.3333333333305846]",[0],4.423828851968506,1.2759297418455204
